{
  "xml_path": "runs/2026-04-20_002_baseline/Haunted.musicxml",
  "soundfont": "assets/soundfont.sf3",
  "overall": 0.4340416076198538,
  "per_stem": {
    "vocals": {
      "chroma_cosine": 0.7506333589553833,
      "onset_f1": 0.16861219195849547,
      "onset_f1_synth": 0.020797227036395145,
      "note_f1": 0.015594541910331387,
      "mel_l1": 1.2054490211046176,
      "mel_l1_raw": 1.996864914894104,
      "composite": 0.41377427551494766
    },
    "piano": {
      "chroma_cosine": 0.7809894680976868,
      "onset_f1": 0.05365853658536585,
      "onset_f1_synth": 0.032171581769437,
      "note_f1": 0.022222222222222223,
      "mel_l1": 0.36732028160715885,
      "mel_l1_raw": 0.462512344121933,
      "composite": 0.4206937832722236
    },
    "guitar": {
      "chroma_cosine": 0.7564655542373657,
      "onset_f1": 0.30145530145530147,
      "onset_f1_synth": 0.31678986272439286,
      "note_f1": 0.03470213996529786,
      "mel_l1": 0.37421544133040796,
      "mel_l1_raw": 0.5918576121330261,
      "composite": 0.4874893920802494
    },
    "bass": {
      "chroma_cosine": 0.7001749277114868,
      "onset_f1": 0.1566265060240964,
      "onset_f1_synth": 0.14035087719298245,
      "note_f1": 0.0066815144766146995,
      "mel_l1": 0.4255573852545671,
      "mel_l1_raw": 0.37688425183296204,
      "composite": 0.4142089796119944
    },
    "_mix": {
      "chroma_cosine": 0.7878269553184509,
      "onset_f1": 0.359150102810144,
      "onset_f1_synth": 0.35081967213114756,
      "note_f1": NaN,
      "mel_l1": 0.9314349498274849,
      "mel_l1_raw": 0.9063658118247986,
      "composite": 0.49182798130950744
    }
  },
  "xml_valid": true,
  "xml_issues": []
}