{
  "xml_path": "/Users/spyre/Documents/claude-cowork/music-transcription/runs/2026-04-21_001_mt3-piano/Haunted.musicxml",
  "soundfont": "assets/FluidR3.sf3",
  "overall": 0.4446327676149351,
  "per_stem": {
    "vocals": {
      "chroma_cosine": 0.7730063796043396,
      "onset_f1": 0.19264892268694553,
      "onset_f1_synth": 0.0,
      "note_f1": 0.021257750221434897,
      "mel_l1": 1.3529576967925387,
      "mel_l1_raw": 2.437879800796509,
      "composite": 0.42615018879902183
    },
    "piano": {
      "chroma_cosine": 0.800093412399292,
      "onset_f1": 0.13513513513513514,
      "onset_f1_synth": 0.101010101010101,
      "note_f1": 0.0155440414507772,
      "mel_l1": 0.26946304424084905,
      "mel_l1_raw": 0.313485324382782,
      "composite": 0.4547046123157178
    },
    "guitar": {
      "chroma_cosine": 0.7472756505012512,
      "onset_f1": 0.29916317991631797,
      "onset_f1_synth": 0.30128205128205127,
      "note_f1": 0.03626373626373626,
      "mel_l1": 0.38740384279390994,
      "mel_l1_raw": 0.852240800857544,
      "composite": 0.4829985000016795
    },
    "bass": {
      "chroma_cosine": 0.738375186920166,
      "onset_f1": 0.09782608695652174,
      "onset_f1_synth": 0.11538461538461539,
      "note_f1": 0.0,
      "mel_l1": 0.30060394535104806,
      "mel_l1_raw": 0.28951048851013184,
      "composite": 0.41467776934332135
    },
    "_mix": {
      "chroma_cosine": 0.7791606187820435,
      "onset_f1": 0.35396941005098326,
      "onset_f1_synth": 0.3366336633663366,
      "note_f1": NaN,
      "mel_l1": 0.9475983464424427,
      "mel_l1_raw": 0.9057784676551819,
      "composite": 0.48626845898003096
    }
  },
  "xml_valid": true,
  "xml_issues": []
}