{
  "xml_path": "runs/2026-04-21_010_guitar-no-merge/Haunted.musicxml",
  "soundfont": "assets/FluidR3.sf3",
  "overall": 0.553229669332569,
  "per_stem": {
    "vocals": {
      "chroma_cosine": 0.777389645576477,
      "chroma_active": 0.7943626642227173,
      "onset_f1": 0.19240506329113927,
      "onset_f1_synth": 0.0,
      "note_f1": 0.02120141342756184,
      "mel_l1": 1.3586548252443735,
      "mel_l1_raw": 2.4438233375549316,
      "fp_silence": 0.1935483870967742,
      "composite": 0.5427970696829874
    },
    "piano": {
      "chroma_cosine": 0.8007450103759766,
      "chroma_active": 0.7994815111160278,
      "onset_f1": 0.14166666666666666,
      "onset_f1_synth": 0.1187214611872146,
      "note_f1": 0.0189873417721519,
      "mel_l1": 0.27746090254799904,
      "mel_l1_raw": 0.3315432071685791,
      "fp_silence": 0.3310225303292894,
      "composite": 0.5482691039522971
    },
    "guitar": {
      "chroma_cosine": 0.7661874294281006,
      "chroma_active": 0.7563565969467163,
      "onset_f1": 0.385934819897084,
      "onset_f1_synth": 0.39084507042253525,
      "note_f1": 0.03816447069513857,
      "mel_l1": 0.3998463477433974,
      "mel_l1_raw": 1.2633014917373657,
      "fp_silence": 0.2096247960848287,
      "composite": 0.6085624014423697
    },
    "bass": {
      "chroma_cosine": 0.7137049436569214,
      "chroma_active": 0.6505220532417297,
      "onset_f1": 0.1702970297029703,
      "onset_f1_synth": 0.15652173913043477,
      "note_f1": 0.0196078431372549,
      "mel_l1": 0.4275110261984112,
      "mel_l1_raw": 0.3850143849849701,
      "fp_silence": 0.20241691842900303,
      "composite": 0.513290102252622
    },
    "_mix": {
      "chroma_cosine": 0.7844926714897156,
      "chroma_active": 0.7864157557487488,
      "onset_f1": 0.4005102040816326,
      "onset_f1_synth": 0.3876651982378854,
      "note_f1": NaN,
      "mel_l1": 0.9389779496937554,
      "mel_l1_raw": 0.8943975567817688,
      "fp_silence": 0.0,
      "composite": 0.6332984341171641
    }
  },
  "xml_valid": true,
  "xml_issues": []
}