{
  "xml_path": "runs/2026-04-21_004_guitar-unfilter/Haunted.musicxml",
  "soundfont": "assets/FluidR3.sf3",
  "overall": 0.5476374658533665,
  "per_stem": {
    "vocals": {
      "chroma_cosine": 0.7730063796043396,
      "chroma_active": 0.792375922203064,
      "onset_f1": 0.19264892268694553,
      "onset_f1_synth": 0.0,
      "note_f1": 0.021257750221434897,
      "mel_l1": 1.3529576967925387,
      "mel_l1_raw": 2.437879800796509,
      "fp_silence": 0.19047619047619047,
      "composite": 0.542599878980656
    },
    "piano": {
      "chroma_cosine": 0.800093412399292,
      "chroma_active": 0.7932542562484741,
      "onset_f1": 0.13513513513513514,
      "onset_f1_synth": 0.101010101010101,
      "note_f1": 0.0155440414507772,
      "mel_l1": 0.26946304424084905,
      "mel_l1_raw": 0.313485324382782,
      "fp_silence": 0.31210191082802546,
      "composite": 0.5471844601368933
    },
    "guitar": {
      "chroma_cosine": 0.7592204213142395,
      "chroma_active": 0.7446948289871216,
      "onset_f1": 0.32610744580584355,
      "onset_f1_synth": 0.3474903474903475,
      "note_f1": 0.03868471953578337,
      "mel_l1": 0.39679953632906934,
      "mel_l1_raw": 1.0300134420394897,
      "fp_silence": 0.23604757548032937,
      "composite": 0.5853657570832254
    },
    "bass": {
      "chroma_cosine": 0.7388240694999695,
      "chroma_active": 0.6825639009475708,
      "onset_f1": 0.09703504043126686,
      "onset_f1_synth": 0.13043478260869565,
      "note_f1": 0.002902757619738752,
      "mel_l1": 0.2996351239124255,
      "mel_l1_raw": 0.2492624670267105,
      "fp_silence": 0.16666666666666666,
      "composite": 0.5153997672126913
    },
    "_mix": {
      "chroma_cosine": 0.7803013324737549,
      "chroma_active": 0.7804193496704102,
      "onset_f1": 0.3717059639389737,
      "onset_f1_synth": 0.34417129262490087,
      "note_f1": NaN,
      "mel_l1": 0.9513333251934739,
      "mel_l1_raw": 0.904798686504364,
      "fp_silence": 0.0,
      "composite": 0.6233772191532923
    }
  },
  "xml_valid": true,
  "xml_issues": []
}