{
  "xml_path": "runs/2026-04-21_003_rvc-vocals-5ep/Haunted.musicxml",
  "soundfont": "assets/FluidR3.sf3",
  "overall": 0.46613841247331855,
  "per_stem": {
    "vocals": {
      "chroma_cosine": 0.9158360958099365,
      "onset_f1": 0.19264892268694553,
      "onset_f1_synth": 0.2523148148148148,
      "note_f1": 0.021257750221434897,
      "mel_l1": 0.5028894476410911,
      "mel_l1_raw": 0.4098733365535736,
      "composite": 0.5116176835863089
    },
    "piano": {
      "chroma_cosine": 0.800093412399292,
      "onset_f1": 0.13513513513513514,
      "onset_f1_synth": 0.101010101010101,
      "note_f1": 0.0155440414507772,
      "mel_l1": 0.26946304424084905,
      "mel_l1_raw": 0.313485324382782,
      "composite": 0.4547046123157178
    },
    "guitar": {
      "chroma_cosine": 0.7472756505012512,
      "onset_f1": 0.29916317991631797,
      "onset_f1_synth": 0.30128205128205127,
      "note_f1": 0.03626373626373626,
      "mel_l1": 0.38740384279390994,
      "mel_l1_raw": 0.852240800857544,
      "composite": 0.4829985000016795
    },
    "bass": {
      "chroma_cosine": 0.7388240694999695,
      "onset_f1": 0.09703504043126686,
      "onset_f1_synth": 0.13043478260869565,
      "note_f1": 0.002902757619738752,
      "mel_l1": 0.2996351239124255,
      "mel_l1_raw": 0.2492624670267105,
      "composite": 0.4152328539895681
    },
    "_mix": {
      "chroma_cosine": 0.7796170115470886,
      "onset_f1": 0.35568513119533524,
      "onset_f1_synth": 0.33526011560693647,
      "note_f1": NaN,
      "mel_l1": 0.947522320144791,
      "mel_l1_raw": 0.905754804611206,
      "composite": 0.48696826663927634
    }
  },
  "xml_valid": true,
  "xml_issues": []
}