{
  "xml_path": "runs/2026-04-20_006_richer-drums/Haunted.musicxml",
  "soundfont": "assets/soundfont.sf3",
  "overall": 0.4367399365968205,
  "per_stem": {
    "vocals": {
      "chroma_cosine": 0.7731984257698059,
      "onset_f1": 0.17997465145754118,
      "onset_f1_synth": 0.007017543859649122,
      "note_f1": 0.016143497757847534,
      "mel_l1": 1.256041143135824,
      "mel_l1_raw": 2.0571067333221436,
      "composite": 0.4246324271922268
    },
    "piano": {
      "chroma_cosine": 0.7917357683181763,
      "onset_f1": 0.043126684636118594,
      "onset_f1_synth": 0.023598820058997053,
      "note_f1": 0.01839464882943144,
      "mel_l1": 0.36026156412520954,
      "mel_l1_raw": 0.42924609780311584,
      "composite": 0.4213025236798188
    },
    "guitar": {
      "chroma_cosine": 0.7582366466522217,
      "onset_f1": 0.28662420382165604,
      "onset_f1_synth": 0.31351351351351353,
      "note_f1": 0.03701492537313433,
      "mel_l1": 0.37351703872056446,
      "mel_l1_raw": 0.5710121393203735,
      "composite": 0.4842343369246602
    },
    "bass": {
      "chroma_cosine": 0.7381399273872375,
      "onset_f1": 0.10270270270270271,
      "onset_f1_synth": 0.11989100817438693,
      "note_f1": 0.0029239766081871343,
      "mel_l1": 0.29583355490301455,
      "mel_l1_raw": 0.2976398766040802,
      "composite": 0.4167904585905761
    },
    "_mix": {
      "chroma_cosine": 0.7839918732643127,
      "onset_f1": 0.34739099356683345,
      "onset_f1_synth": 0.3287904599659285,
      "note_f1": NaN,
      "mel_l1": 0.9248813861543521,
      "mel_l1_raw": 0.8848254680633545,
      "composite": 0.48698466783729677
    }
  },
  "xml_valid": true,
  "xml_issues": []
}