{
  "xml_path": "runs/2026-04-20_004_crepe-bass/Haunted.musicxml",
  "soundfont": "assets/soundfont.sf3",
  "overall": 0.4369928336014604,
  "per_stem": {
    "vocals": {
      "chroma_cosine": 0.7731984257698059,
      "onset_f1": 0.17997465145754118,
      "onset_f1_synth": 0.007017543859649122,
      "note_f1": 0.016143497757847534,
      "mel_l1": 1.256041143135824,
      "mel_l1_raw": 2.0571067333221436,
      "composite": 0.4246324271922268
    },
    "piano": {
      "chroma_cosine": 0.7925716638565063,
      "onset_f1": 0.043126684636118594,
      "onset_f1_synth": 0.023668639053254437,
      "note_f1": 0.018379281537176276,
      "mel_l1": 0.35986926317647916,
      "mel_l1_raw": 0.4297657310962677,
      "composite": 0.42164688513499077
    },
    "guitar": {
      "chroma_cosine": 0.7585980892181396,
      "onset_f1": 0.28844114528101805,
      "onset_f1_synth": 0.31067961165048547,
      "note_f1": 0.036904761904761905,
      "mel_l1": 0.3735290449339717,
      "mel_l1_raw": 0.5736281275749207,
      "composite": 0.4849015634880479
    },
    "bass": {
      "chroma_cosine": 0.7381399273872375,
      "onset_f1": 0.10270270270270271,
      "onset_f1_synth": 0.11989100817438693,
      "note_f1": 0.0029239766081871343,
      "mel_l1": 0.29583355490301455,
      "mel_l1_raw": 0.2976398766040802,
      "composite": 0.4167904585905761
    },
    "_mix": {
      "chroma_cosine": 0.7840635776519775,
      "onset_f1": 0.3497501784439686,
      "onset_f1_synth": 0.3310696095076401,
      "note_f1": NaN,
      "mel_l1": 0.9250664842141493,
      "mel_l1_raw": 0.8847783803939819,
      "composite": 0.48771493512017666
    }
  },
  "xml_valid": true,
  "xml_issues": []
}