{
  "xml_path": "/Users/spyre/Documents/claude-cowork/music-transcription/runs/2026-04-20_004_crepe-bass/Haunted.musicxml",
  "soundfont": "assets/soundfont.sf3",
  "overall": 0.41657814281392236,
  "per_stem": {
    "vocals": {
      "chroma_cosine": 0.7731984257698059,
      "onset_f1": 0.007017543859649122,
      "note_f1": 0.016143497757847534,
      "mel_l1": 2.0571067333221436,
      "composite": 0.3460431085733152
    },
    "piano": {
      "chroma_cosine": 0.7925716638565063,
      "onset_f1": 0.023668639053254437,
      "note_f1": 0.018379281537176276,
      "mel_l1": 0.4297657310962677,
      "composite": 0.4134795891961386
    },
    "guitar": {
      "chroma_cosine": 0.7585980892181396,
      "onset_f1": 0.31067961165048547,
      "note_f1": 0.036904761904761905,
      "mel_l1": 0.5736281275749207,
      "composite": 0.4849031339775232
    },
    "bass": {
      "chroma_cosine": 0.7381399273872375,
      "onset_f1": 0.11989100817438693,
      "note_f1": 0.0029239766081871343,
      "mel_l1": 0.2976398766040802,
      "composite": 0.4218867395087125
    },
    "_mix": {
      "chroma_cosine": 0.7840635776519775,
      "onset_f1": 0.3310696095076401,
      "note_f1": NaN,
      "mel_l1": 0.8847783803939819,
      "composite": 0.4834537012332837
    }
  },
  "xml_valid": true,
  "xml_issues": []
}