{
  "xml_path": "runs/2026-04-20_004_crepe-bass/Haunted.musicxml",
  "soundfont": "assets/soundfont.sf3",
  "overall": 0.42551870500099004,
  "per_stem": {
    "vocals": {
      "chroma_cosine": 0.7731984257698059,
      "onset_f1": 0.007017543859649122,
      "note_f1": 0.016143497757847534,
      "mel_l1": 1.256041143135824,
      "mel_l1_raw": 2.0571067333221436,
      "composite": 0.3727452949128592
    },
    "piano": {
      "chroma_cosine": 0.7925716638565063,
      "onset_f1": 0.023668639053254437,
      "note_f1": 0.018379281537176276,
      "mel_l1": 0.35986926317647916,
      "mel_l1_raw": 0.4297657310962677,
      "composite": 0.41580947146013153
    },
    "guitar": {
      "chroma_cosine": 0.7585980892181396,
      "onset_f1": 0.31067961165048547,
      "note_f1": 0.036904761904761905,
      "mel_l1": 0.3735290449339717,
      "mel_l1_raw": 0.5736281275749207,
      "composite": 0.49157310339888816
    },
    "bass": {
      "chroma_cosine": 0.7381399273872375,
      "onset_f1": 0.11989100817438693,
      "note_f1": 0.0029239766081871343,
      "mel_l1": 0.29583355490301455,
      "mel_l1_raw": 0.2976398766040802,
      "composite": 0.4219469502320814
    },
    "_mix": {
      "chroma_cosine": 0.7840635776519775,
      "onset_f1": 0.3310696095076401,
      "note_f1": NaN,
      "mel_l1": 0.9250664842141493,
      "mel_l1_raw": 0.8847783803939819,
      "composite": 0.4821107644392781
    }
  },
  "xml_valid": true,
  "xml_issues": []
}