{
  "xml_path": "runs/2026-04-20_003_dtw-chords/Haunted.musicxml",
  "soundfont": "assets/soundfont.sf3",
  "overall": 0.43634746385681494,
  "per_stem": {
    "vocals": {
      "chroma_cosine": 0.7731984257698059,
      "onset_f1": 0.17997465145754118,
      "onset_f1_synth": 0.007017543859649122,
      "note_f1": 0.016143497757847534,
      "mel_l1": 1.256041143135824,
      "mel_l1_raw": 2.0571067333221436,
      "composite": 0.4246324271922268
    },
    "piano": {
      "chroma_cosine": 0.7925716638565063,
      "onset_f1": 0.043126684636118594,
      "onset_f1_synth": 0.023668639053254437,
      "note_f1": 0.018379281537176276,
      "mel_l1": 0.35986926317647916,
      "mel_l1_raw": 0.4297657310962677,
      "composite": 0.42164688513499077
    },
    "guitar": {
      "chroma_cosine": 0.7585980892181396,
      "onset_f1": 0.28844114528101805,
      "onset_f1_synth": 0.31067961165048547,
      "note_f1": 0.036904761904761905,
      "mel_l1": 0.3735290449339717,
      "mel_l1_raw": 0.5736281275749207,
      "composite": 0.4849015634880479
    },
    "bass": {
      "chroma_cosine": 0.7001749277114868,
      "onset_f1": 0.1566265060240964,
      "onset_f1_synth": 0.14035087719298245,
      "note_f1": 0.0066815144766146995,
      "mel_l1": 0.4255573852545671,
      "mel_l1_raw": 0.37688425183296204,
      "composite": 0.4142089796119944
    },
    "_mix": {
      "chroma_cosine": 0.7857944369316101,
      "onset_f1": 0.3521224773834377,
      "onset_f1_synth": 0.3375742154368108,
      "note_f1": NaN,
      "mel_l1": 0.9205714909398296,
      "mel_l1_raw": 0.8837049007415771,
      "composite": 0.4892688016230144
    }
  },
  "xml_valid": true,
  "xml_issues": []
}