{
  "xml_path": "/Users/spyre/Documents/claude-cowork/music-transcription/runs/2026-04-20_003_dtw-chords/Haunted.musicxml",
  "soundfont": "assets/soundfont.sf3",
  "overall": 0.41384364012258934,
  "per_stem": {
    "vocals": {
      "chroma_cosine": 0.7731984257698059,
      "onset_f1": 0.007017543859649122,
      "note_f1": 0.016143497757847534,
      "mel_l1": 2.0571067333221436,
      "composite": 0.3460431085733152
    },
    "piano": {
      "chroma_cosine": 0.7925716638565063,
      "onset_f1": 0.023668639053254437,
      "note_f1": 0.018379281537176276,
      "mel_l1": 0.4297657310962677,
      "composite": 0.4134795891961386
    },
    "guitar": {
      "chroma_cosine": 0.7585980892181396,
      "onset_f1": 0.31067961165048547,
      "note_f1": 0.036904761904761905,
      "mel_l1": 0.5736281275749207,
      "composite": 0.4849031339775232
    },
    "bass": {
      "chroma_cosine": 0.7001749277114868,
      "onset_f1": 0.14035087719298245,
      "note_f1": 0.0066815144766146995,
      "mel_l1": 0.37688425183296204,
      "composite": 0.4109487287433804
    },
    "_mix": {
      "chroma_cosine": 0.7857944369316101,
      "onset_f1": 0.3375742154368108,
      "note_f1": NaN,
      "mel_l1": 0.8837049007415771,
      "composite": 0.4861332093789681
    }
  },
  "xml_valid": true,
  "xml_issues": []
}